Keyword Text,Average Monthly Searches,Competition
testing,110000,LOW
free covid test kits,3600,LOW
pcr test near me,1000,LOW
pcr test,1600,LOW
same day covid testing near me,90,MEDIUM
free pcr test near me,140,LOW
rapid testing near me,110,LOW
same day pcr covid test near me,70,MEDIUM
free government covid test kits by mail,1300,LOW
pcr test for travel,10,LOW
free covid test kits by mail,140,LOW
rapid pcr test near me,70,LOW
covid testing near me,4400,LOW
rt pcr test near me,20,LOW
free covid test kits from government,320,LOW
rapid antigen test,110,LOW
sameday health,90,LOW
antigen test,140,LOW
antigen test near me,10,LOW
rapid antigen test near me,10,LOW
covid test kits free,320,LOW
rapid pcr test,50,LOW
free covid tests,9900,LOW
binaxnow,480,LOW
free covid test kits near me,260,LOW
free covid tests from government,210,LOW
positive covid test,3600,LOW
pcr test for travel near me,10,LOW
walgreens covid testing,720,LOW
covid antigen test,170,LOW
pruebas de covid gratis,70,LOW
free government covid test,320,LOW
antigen test for travel,10,LOW
free covid home test kit,50,LOW
rt pcr test,50,LOW
free covid test kits usps,210,LOW
rapid test,170,LOW
walgreens com covid testing,10,MEDIUM
covid test for international travel,10,LOW
rtpcr near me,10,UNSPECIFIED
pcr near me,70,LOW
rite aid covid test,140,LOW
free covid testing near me,1600,LOW
government covid test kits,50,LOW
government covid test,720,LOW
covid test at home,320,HIGH
covid test cvs,590,LOW
testing positive for covid,320,LOW
free government covid test kits,170,LOW
covid positive test,720,LOW
rapid naat test,10,LOW
naat test,210,LOW
covid test walgreens,260,LOW
covid tests free,1000,LOW
pcr covid test,320,LOW
covid home test kit,1000,MEDIUM
antigen test kit,10,MEDIUM
covid positive,170,LOW
boots pcr test,10,UNSPECIFIED
lhi care,170,LOW
rapid antigen test kit,20,LOW
if you test positive for covid,40,LOW
walgreens pcr test,30,LOW
nucleic acid test,40,LOW
express test,10,LOW
boots covid test,170,LOW
pcr covid,20,LOW
covid test kits near me,210,MEDIUM
spoedtest,10,LOW
free covid tests usps,1300,LOW
covid test positive,480,LOW
art test kit,10,UNSPECIFIED
rapid test kit,30,MEDIUM
usps covid tests,1600,LOW
rapid antigen,10,LOW
walgreens covid testing near me,10,MEDIUM
clinitest,40,LOW
covid at home test,170,HIGH
kaiser covid testing,10,LOW
naat,4400,LOW
usps free covid tests,720,LOW
tropical park covid testing,10,UNSPECIFIED
usps covid test kits,260,LOW
test antigen,10,LOW
saliva test kit,10,HIGH
covid testing sites,70,LOW
test pcr covid,10,LOW
positive antigen test,10,UNSPECIFIED
swab antigen,10,UNSPECIFIED
covid at home test kit,40,HIGH
test kit covid,10,LOW
corona test near me,1600,LOW
atk test,10,LOW
positive rapid test,10,LOW
c19 testing,10,LOW
test corona,10,UNSPECIFIED
carnival cruise covid,10,UNSPECIFIED
covid screening,10,LOW
